"MCOPY Performance", "MCOPY Performance"
256, 40.45
512, 43.5
768, 46.67
1024, 47.9
1280, 49.69
1536, 50.49
1792, 52.73
2048, 55.36
2304, 57.22
2560, 58.15
2816, 62.06
3072, 62.0
3328, 64.87
3584, 67.4
3840, 69.43
4096, 69.5
4352, 77.85
4608, 78.45
4864, 82.17
5120, 82.69
5376, 93.03
5632, 83.85
5888, 93.53
6144, 94.11
6400, 92.26
6656, 93.65
6912, 97.44
7168, 101.3
7424, 101.1
7680, 103.8
7936, 105.0
8192, 105.3
8448, 121.5
8704, 124.2
8960, 121.7
9216, 120.6
9472, 122.5
9728, 119.6
9984, 117.4
10240, 121.1
10496, 121.9
10752, 125.5
11008, 126.5
11264, 129.6
11520, 130.2
11776, 135.1
12032, 133.6
12288, 144.4
12544, 164.7
12800, 165.0
13056, 168.6
13312, 176.3
13568, 170.9
13824, 171.7
14080, 172.7
14336, 177.3
14592, 206.8
14848, 228.8
15104, 236.6
15360, 286.6
15616, 271.2
15872, 292.4
16128, 311.1
16384, 332.9
16640, 342.1
16896, 357.1
17152, 380.2
17408, 416.0
17664, 491.0
17920, 524.9
18176, 482.3
18432, 461.6
18688, 447.5
18944, 453.1
19200, 472.8
19456, 475.9
19712, 471.4
19968, 481.7
20224, 491.3
20480, 495.0
20736, 504.1
20992, 522.0
21248, 526.4
21504, 540.5
21760, 575.2
22016, 609.5
22272, 611.0
22528, 554.4
22784, 543.1
23040, 596.0
23296, 594.5
23552, 588.5
23808, 590.3
24064, 590.8
24320, 585.1
24576, 599.3
24832, 602.8
25088, 612.3
25344, 671.9
25600, 672.4
25856, 761.8
26112, 692.9
26368, 652.7
26624, 660.9
26880, 655.7
27136, 697.7
27392, 684.7
27648, 680.6
27904, 667.0
28160, 674.5
28416, 688.3
28672, 697.4
28928, 702.1
29184, 740.5
29440, 755.0
29696, 795.2
29952, 785.0
30208, 838.4
30464, 799.3
30720, 734.4
30976, 728.8
31232, 735.5
31488, 767.1
31744, 769.5
32000, 823.3
32256, 775.7
32512, 805.3
32768, 789.0
33024, 801.6
33280, 789.3
33536, 799.4
33792, 815.8
34048, 886.6
34304, 887.1
34560, 838.7
34816, 851.6
35072, 837.5
35328, 890.8
35584, 836.7
35840, 836.9
36096, 835.3
36352, 847.7
36608, 853.8
36864, 857.4
37120, 861.8
37376, 879.4
37632, 872.5
37888, 899.6
38144, 956.2
38400, 965.4
38656, 903.9
38912, 909.5
39168, 904.5
39424, 913.2
39680, 912.5
39936, 943.8
40192, 1014.0
40448, 967.0
40704, 951.8
40960, 946.4
41216, 969.4
41472, 977.6
41728, 973.3
41984, 980.8
42240, 1047.0
42496, 1058.0
42752, 1002.0
43008, 991.8
43264, 998.8
43520, 996.7
43776, 1002.0
44032, 1011.0
44288, 1028.0
44544, 1020.0
44800, 1037.0
45056, 1038.0
45312, 1042.0
45568, 1052.0
45824, 1064.0
46080, 1077.0
46336, 1147.0
46592, 1152.0
46848, 1095.0
47104, 1088.0
47360, 1085.0
47616, 1087.0
47872, 1094.0
48128, 1096.0
48384, 1111.0
48640, 1106.0
48896, 1112.0
49152, 1119.0
49408, 1234.0
49664, 1211.0
49920, 1259.0
50176, 1231.0
50432, 1230.0
50688, 1252.0
50944, 1184.0
51200, 1189.0
51456, 1164.0
51712, 1165.0
51968, 1181.0
52224, 1182.0
52480, 1184.0
52736, 1192.0
52992, 1192.0
53248, 1198.0
53504, 1224.0
53760, 1235.0
54016, 1267.0
54272, 1280.0
54528, 1346.0
54784, 1370.0
55040, 1312.0
55296, 1300.0
55552, 1298.0
55808, 1310.0
56064, 1315.0
56320, 1309.0
56576, 1320.0
56832, 1335.0
57088, 1344.0
57344, 1348.0
57600, 1351.0
57856, 1366.0
58112, 1382.0
58368, 1395.0
58624, 1480.0
58880, 1512.0
59136, 1433.0
59392, 1403.0
59648, 1434.0
59904, 1422.0
60160, 1438.0
60416, 1445.0
60672, 1450.0
60928, 1458.0
61184, 1470.0
61440, 1478.0
61696, 1481.0
61952, 1510.0
62208, 1518.0
62464, 1538.0
62720, 1590.0
62976, 1632.0
63232, 1546.0
63488, 1552.0
63744, 1546.0
64000, 1515.0
64256, 1545.0
64512, 1543.0
64768, 1557.0
65024, 1551.0
65280, 1562.0
65536, 1560.0
65792, 1568.0
66048, 1576.0
66304, 1588.0
66560, 1588.0
66816, 1676.0
67072, 1680.0
67328, 1616.0
67584, 1601.0
67840, 1601.0
68096, 1602.0
68352, 1606.0
68608, 1590.0
68864, 1597.0
69120, 1615.0
69376, 1627.0
69632, 1624.0
69888, 1632.0
70144, 1651.0
70400, 1646.0
70656, 1683.0
70912, 1763.0
71168, 1770.0
71424, 1680.0
71680, 1675.0
71936, 1690.0
72192, 1693.0
72448, 1714.0
72704, 1724.0
72960, 1736.0
73216, 1744.0
73472, 1753.0
73728, 1781.0
73984, 1787.0
74240, 1807.0
74496, 1818.0
74752, 1836.0
75008, 1898.0
75264, 1951.0
75520, 1846.0
75776, 1825.0
76032, 1831.0
76288, 1827.0
76544, 1830.0
76800, 1835.0
77056, 1842.0
77312, 1849.0
77568, 1856.0
77824, 1863.0
78080, 1895.0
78336, 1912.0
78592, 1935.0
78848, 1965.0
79104, 2090.0
79360, 2123.0
79616, 2020.0
79872, 1996.0
80128, 1994.0
80384, 1985.0
80640, 2003.0
80896, 2003.0
81152, 2005.0
81408, 1994.0
81664, 2017.0
81920, 2000.0
82176, 2043.0
82432, 2056.0
82688, 2073.0
82944, 2105.0
83200, 2194.0
83456, 2230.0
83712, 2104.0
83968, 2094.0
84224, 2105.0
84480, 2116.0
84736, 2137.0
84992, 2136.0
85248, 2136.0
85504, 2136.0
85760, 2161.0
86016, 2162.0
86272, 2192.0
86528, 2214.0
86784, 2231.0
87040, 2243.0
87296, 2342.0
87552, 2383.0
87808, 2272.0
88064, 2263.0
88320, 2270.0
88576, 2274.0
88832, 2276.0
89088, 2289.0
89344, 2289.0
89600, 2290.0
89856, 2302.0
90112, 2298.0
90368, 2320.0
90624, 2344.0
90880, 2357.0
91136, 2383.0
91392, 2468.0
91648, 2517.0
91904, 2390.0
92160, 2359.0
92416, 2333.0
92672, 2343.0
92928, 2340.0
93184, 2351.0
93440, 2360.0
93696, 2364.0
93952, 2366.0
94208, 2370.0
94464, 2386.0
94720, 2402.0
94976, 2414.0
95232, 2413.0
95488, 2528.0
95744, 2561.0
96000, 2424.0
96256, 2412.0
96512, 2424.0
96768, 2421.0
97024, 2441.0
97280, 2448.0
97536, 2458.0
97792, 2456.0
98048, 2472.0
98304, 2474.0
98560, 2511.0
98816, 2520.0
99072, 2532.0
99328, 2609.0
99584, 2648.0
99840, 2684.0
100096, 2559.0
100352, 2530.0
100608, 2512.0
100864, 2532.0
101120, 2540.0
101376, 2540.0
101632, 2536.0
101888, 2542.0
102144, 2555.0
102400, 2553.0
102656, 2552.0
102912, 2578.0
103168, 2590.0
103424, 2617.0
103680, 2708.0
103936, 2777.0
104192, 2635.0
104448, 2580.0
104704, 2595.0
104960, 2578.0
105216, 2597.0
105472, 2600.0
105728, 2610.0
105984, 2600.0
106240, 2618.0
106496, 2623.0
106752, 2503.0
107008, 2532.0
107264, 2525.0
107520, 2552.0
107776, 2691.0
108032, 2733.0
108288, 2569.0
108544, 2534.0
108800, 2540.0
109056, 2551.0
109312, 2559.0
109568, 2529.0
109824, 2556.0
110080, 2566.0
110336, 2552.0
110592, 2553.0
110848, 2595.0
111104, 2613.0
111360, 2620.0
111616, 2649.0
111872, 2786.0
112128, 2814.0
112384, 2676.0
112640, 2657.0
112896, 2647.0
113152, 2667.0
113408, 2660.0
113664, 2652.0
113920, 2675.0
114176, 2679.0
114432, 2668.0
114688, 2674.0
114944, 2709.0
115200, 2707.0
115456, 2718.0
115712, 2747.0
115968, 2911.0
116224, 2921.0
116480, 2774.0
116736, 2762.0
116992, 2725.0
117248, 2739.0
117504, 2739.0
117760, 2755.0
118016, 2753.0
118272, 2765.0
118528, 2780.0
118784, 2790.0
119040, 2823.0
119296, 2844.0
119552, 2869.0
119808, 2909.0
120064, 3044.0
120320, 3043.0
120576, 2941.0
120832, 2901.0
121088, 2892.0
121344, 2885.0
121600, 2901.0
121856, 2897.0
122112, 2898.0
122368, 2913.0
122624, 2917.0
122880, 2925.0
123136, 2931.0
123392, 2940.0
123648, 2947.0
123904, 2967.0
124160, 3108.0
124416, 3130.0
124672, 2986.0
124928, 2942.0
125184, 2898.0
125440, 2913.0
125696, 2931.0
125952, 2936.0
126208, 2979.0
126464, 2961.0
126720, 2954.0
126976, 2979.0
127232, 3002.0
127488, 3019.0
127744, 3035.0
128000, 3066.0
128256, 3206.0
128512, 3240.0
128768, 3134.0
129024, 3037.0
129280, 3075.0
129536, 3058.0
129792, 3072.0
130048, 3059.0
130304, 3071.0
130560, 3092.0
130816, 3121.0
131072, 3141.0
131328, 3188.0
131584, 3206.0
131840, 3223.0
132096, 3250.0
132352, 3405.0
132608, 3461.0
132864, 3292.0
133120, 3265.0
133376, 3318.0
133632, 3322.0
133888, 3330.0
134144, 3344.0
134400, 3347.0
134656, 3366.0
134912, 3378.0
135168, 3403.0
135424, 3438.0
135680, 3465.0
135936, 3492.0
136192, 3521.0
136448, 3653.0
136704, 3707.0
136960, 3571.0
137216, 3519.0
137472, 3553.0
137728, 3553.0
137984, 3557.0
138240, 3564.0
138496, 3580.0
138752, 3612.0
139008, 3630.0
139264, 3662.0
139520, 3674.0
139776, 3689.0
140032, 3719.0
140288, 3738.0
140544, 3838.0
140800, 3902.0
141056, 3742.0
141312, 3690.0
141568, 3703.0
141824, 3697.0
142080, 3712.0
142336, 3704.0
142592, 3685.0
142848, 3726.0
143104, 3725.0
143360, 3722.0
143616, 3771.0
143872, 3772.0
144128, 3823.0
144384, 3867.0
144640, 3932.0
144896, 4049.0
145152, 3873.0
145408, 3844.0
145664, 3841.0
145920, 3846.0
146176, 3796.0
146432, 3835.0
146688, 3854.0
146944, 3863.0
147200, 3878.0
147456, 3870.0
147712, 3986.0
147968, 3981.0
148224, 3997.0
148480, 4036.0
148736, 4197.0
148992, 4256.0
149248, 4132.0
149504, 4124.0
149760, 4104.0
150016, 4037.0
150272, 4030.0
150528, 4024.0
150784, 4025.0
151040, 4034.0
151296, 4047.0
151552, 4053.0
151808, 4111.0
152064, 4071.0
152320, 4109.0
152576, 4112.0
152832, 4258.0
153088, 4342.0
153344, 4172.0
153600, 4078.0
153856, 4148.0
154112, 4047.0
154368, 4094.0
154624, 4083.0
154880, 4100.0
155136, 4109.0
155392, 4125.0
155648, 4146.0
155904, 4204.0
156160, 4218.0
156416, 4241.0
156672, 4290.0
156928, 4411.0
157184, 4520.0
157440, 4307.0
157696, 4300.0
157952, 4300.0
158208, 4302.0
158464, 4288.0
158720, 4293.0
158976, 4321.0
159232, 4350.0
159488, 4377.0
159744, 4364.0
160000, 4384.0
160256, 4443.0
160512, 4506.0
160768, 4475.0
161024, 4639.0
161280, 4754.0
161536, 4549.0
161792, 4546.0
162048, 4534.0
162304, 4438.0
162560, 4460.0
162816, 4468.0
163072, 4448.0
163328, 4469.0
163584, 4417.0
163840, 4501.0
164096, 4526.0
164352, 4529.0
164608, 4552.0
164864, 4594.0
165120, 4753.0
165376, 4807.0
165632, 4600.0
165888, 4478.0
166144, 4546.0
166400, 4582.0
166656, 4586.0
166912, 4558.0
167168, 4577.0
167424, 4613.0
167680, 4643.0
167936, 4689.0
168192, 4713.0
168448, 4748.0
168704, 4685.0
168960, 4790.0
169216, 4898.0
169472, 4978.0
169728, 4819.0
169984, 4769.0
170240, 4746.0
170496, 4799.0
170752, 4781.0
171008, 4770.0
171264, 4802.0
171520, 4811.0
171776, 4851.0
172032, 4896.0
172288, 4951.0
172544, 4979.0
172800, 5000.0
173056, 5063.0
173312, 5146.0
173568, 5308.0
173824, 5108.0
174080, 5063.0
174336, 5044.0
174592, 5008.0
174848, 5013.0
175104, 5012.0
175360, 5007.0
175616, 5044.0
175872, 5044.0
176128, 5095.0
176384, 5146.0
176640, 5186.0
176896, 5156.0
177152, 5218.0
177408, 5310.0
177664, 5490.0
177920, 5240.0
178176, 5265.0
178432, 5169.0
178688, 5141.0
178944, 5164.0
179200, 5165.0
179456, 5190.0
179712, 5180.0
179968, 5221.0
180224, 5244.0
180480, 5307.0
180736, 5323.0
180992, 5341.0
181248, 5417.0
181504, 5540.0
181760, 5677.0
182016, 5479.0
182272, 5424.0
182528, 5391.0
182784, 5371.0
183040, 5325.0
183296, 5349.0
183552, 5316.0
183808, 5370.0
184064, 5412.0
184320, 5451.0
184576, 5457.0
184832, 5472.0
185088, 5589.0
185344, 5636.0
185600, 5718.0
185856, 5790.0
186112, 5631.0
186368, 5613.0
186624, 5588.0
186880, 5593.0
187136, 5494.0
187392, 5548.0
187648, 5558.0
187904, 5536.0
188160, 5610.0
188416, 5680.0
188672, 5702.0
188928, 5727.0
189184, 5728.0
189440, 5824.0
189696, 5923.0
189952, 6053.0
190208, 5833.0
190464, 5829.0
190720, 5773.0
190976, 5660.0
191232, 5704.0
191488, 5668.0
191744, 5675.0
192000, 5701.0
192256, 5714.0
192512, 5773.0
192768, 5785.0
193024, 5838.0
193280, 5840.0
193536, 5834.0
193792, 5950.0
194048, 6077.0
194304, 5943.0
194560, 5768.0
194816, 5856.0
195072, 5786.0
195328, 5817.0
195584, 5803.0
195840, 5875.0
196096, 5881.0
196352, 5897.0
196608, 5952.0
196864, 5980.0
197120, 5997.0
197376, 6045.0
197632, 6063.0
197888, 6157.0
198144, 6296.0
198400, 6220.0
198656, 6154.0
198912, 6103.0
199168, 6062.0
199424, 6052.0
199680, 6094.0
199936, 6017.0
200192, 6089.0
200448, 6183.0
200704, 6187.0
200960, 6296.0
201216, 6284.0
201472, 6299.0
201728, 6338.0
201984, 6526.0
202240, 6595.0
202496, 6497.0
202752, 6341.0
203008, 6434.0
203264, 6244.0
203520, 6221.0
203776, 6205.0
204032, 6240.0
204288, 6261.0
204544, 6342.0
204800, 6422.0
205056, 6432.0
205312, 6415.0
205568, 6485.0
205824, 6549.0
206080, 6587.0
206336, 6723.0
206592, 6667.0
206848, 6575.0
207104, 6584.0
207360, 6506.0
207616, 6376.0
207872, 6360.0
208128, 6371.0
208384, 6435.0
208640, 6458.0
208896, 6498.0
209152, 6574.0
209408, 6582.0
209664, 6593.0
209920, 6611.0
210176, 6759.0
210432, 6895.0
210688, 6769.0
210944, 6726.0
211200, 6688.0
211456, 6519.0
211712, 6502.0
211968, 6498.0
212224, 6586.0
212480, 6600.0
212736, 6623.0
212992, 6689.0
213248, 6733.0
213504, 6756.0
213760, 6733.0
214016, 6772.0
214272, 6925.0
214528, 7174.0
214784, 6964.0
215040, 6836.0
215296, 6867.0
215552, 6697.0
215808, 6702.0
216064, 6660.0
216320, 6705.0
216576, 6734.0
216832, 6752.0
217088, 6750.0
217344, 6892.0
217600, 6876.0
217856, 6935.0
218112, 6900.0
218368, 7001.0
218624, 7177.0
218880, 7091.0
219136, 6912.0
219392, 6923.0
219648, 6776.0
219904, 6809.0
220160, 6746.0
220416, 6867.0
220672, 6831.0
220928, 6797.0
221184, 6939.0
221440, 7081.0
221696, 6997.0
221952, 7196.0
222208, 7034.0
222464, 7258.0
222720, 7273.0
222976, 7181.0
223232, 7140.0
223488, 7066.0
223744, 6912.0
224000, 7024.0
224256, 6908.0
224512, 7000.0
224768, 6963.0
225024, 7043.0
225280, 7025.0
225536, 7097.0
225792, 7140.0
226048, 7159.0
226304, 7238.0
226560, 7359.0
226816, 7515.0
227072, 7417.0
227328, 7250.0
227584, 7231.0
227840, 7139.0
228096, 7112.0
228352, 7026.0
228608, 7084.0
228864, 7083.0
229120, 7198.0
229376, 7253.0
229632, 7235.0
229888, 7261.0
230144, 7228.0
230400, 7362.0
230656, 7422.0
230912, 7716.0
231168, 7449.0
231424, 7391.0
231680, 7267.0
231936, 7262.0
232192, 7157.0
232448, 7260.0
232704, 7173.0
232960, 7181.0
233216, 7214.0
233472, 7350.0
233728, 7401.0
233984, 7411.0
234240, 7410.0
234496, 7502.0
234752, 7769.0
235008, 7897.0
235264, 7635.0
235520, 7576.0
235776, 7491.0
236032, 7601.0
236288, 7479.0
236544, 7421.0
236800, 7399.0
237056, 7436.0
237312, 7553.0
237568, 7612.0
237824, 7577.0
238080, 7651.0
238336, 7632.0
238592, 7689.0
238848, 7904.0
239104, 8193.0
239360, 7778.0
239616, 7817.0
239872, 7697.0
240128, 7670.0
240384, 7544.0
240640, 7536.0
240896, 7511.0
241152, 7602.0
241408, 7620.0
241664, 8409.0
241920, 7813.0
242176, 7775.0
242432, 7913.0
242688, 7922.0
242944, 7969.0
243200, 8156.0
243456, 7974.0
243712, 7907.0
243968, 7848.0
244224, 7752.0
244480, 7625.0
244736, 7667.0
244992, 7750.0
245248, 7885.0
245504, 7793.0
245760, 7908.0
246016, 7995.0
246272, 8024.0
246528, 8093.0
246784, 8474.0
247040, 8369.0
247296, 8406.0
247552, 8294.0
247808, 8040.0
248064, 8031.0
248320, 7898.0
248576, 7883.0
248832, 7890.0
249088, 7927.0
249344, 7954.0
249600, 7949.0
249856, 8123.0
250112, 8136.0
250368, 8197.0
250624, 8210.0
250880, 8253.0
251136, 8313.0
251392, 8596.0
251648, 8297.0
251904, 8322.0
252160, 8258.0
252416, 8087.0
252672, 7958.0
252928, 7978.0
253184, 8098.0
253440, 8040.0
253696, 8112.0
253952, 8094.0
254208, 8357.0
254464, 8331.0
254720, 8281.0
254976, 9348.0
255232, 9286.0
255488, 8906.0
255744, 8652.0
256000, 9572.0
256256, 9910.0
256512, 8409.0
256768, 8335.0
257024, 8567.0
257280, 8752.0
257536, 8286.0
257792, 8342.0
258048, 8545.0
258304, 8356.0
258560, 8634.0
258816, 8362.0
259072, 8216.0
259328, 8440.0
259584, 8626.0
259840, 8382.0
260096, 8276.0
260352, 8190.0
260608, 8020.0
260864, 8027.0
261120, 8044.0
261376, 8014.0
261632, 8108.0
261888, 8083.0
262144, 8225.0
262400, 8448.0
262656, 8392.0
262912, 8436.0
263168, 8446.0
263424, 8589.0
263680, 9138.0
263936, 8426.0
264192, 8351.0
264448, 8375.0
264704, 8117.0
264960, 8251.0
265216, 8096.0
265472, 8178.0
265728, 8121.0
265984, 8304.0
266240, 8383.0
266496, 8489.0
266752, 8534.0
267008, 8523.0
267264, 8443.0
267520, 8741.0
267776, 8864.0
268032, 9131.0
268288, 8598.0
268544, 8482.0
268800, 8391.0
269056, 8326.0
269312, 8212.0
269568, 8461.0
269824, 8398.0
270080, 8369.0
270336, 8480.0
270592, 8569.0
270848, 8633.0
271104, 8670.0
271360, 8758.0
271616, 8865.0
271872, 9055.0
272128, 8801.0
272384, 8736.0
272640, 8657.0
272896, 8554.0
273152, 8572.0
273408, 8524.0
273664, 8468.0
273920, 8549.0
274176, 8626.0
274432, 8593.0
274688, 9421.0
274944, 9312.0
275200, 9971.0
275456, 9103.0
275712, 9140.0
275968, 9452.0
276224, 9377.0
276480, 9688.0
276736, 9812.0
276992, 9784.0
277248, 8884.0
277504, 8940.0
277760, 9324.0
278016, 9083.0
278272, 8973.0
278528, 8968.0
278784, 9104.0
279040, 9190.0
279296, 8967.0
279552, 9254.0
279808, 9633.0
280064, 10580.0
280320, 9803.0
280576, 9570.0
280832, 9159.0
281088, 9353.0
281344, 9076.0
281600, 8957.0
281856, 9018.0
282112, 9070.0
282368, 9087.0
282624, 9167.0
282880, 9216.0
283136, 9330.0
283392, 9340.0
283648, 9340.0
283904, 9706.0
284160, 9792.0
284416, 9474.0
284672, 10152.0
284928, 10225.0
285184, 9569.0
285440, 9504.0
285696, 9745.0
285952, 9177.0
286208, 9416.0
286464, 10946.0
286720, 10255.0
286976, 10161.0
287232, 9545.0
287488, 10116.0
287744, 9770.0
288000, 9772.0
288256, 9898.0
288512, 9839.0
288768, 9992.0
289024, 9726.0
289280, 9385.0
289536, 10660.0
289792, 9812.0
290048, 9991.0
290304, 9534.0
290560, 9660.0
290816, 9720.0
291072, 9747.0
291328, 9595.0
291584, 9651.0
291840, 9561.0
292096, 9619.0
292352, 10374.0
292608, 10530.0
292864, 10459.0
293120, 11379.0
293376, 10124.0
293632, 10651.0
293888, 10538.0
294144, 9523.0
294400, 9603.0
294656, 9555.0
294912, 9569.0
295168, 9553.0
295424, 9841.0
295680, 9999.0
295936, 9827.0
296192, 9935.0
296448, 10227.0
296704, 9956.0
296960, 9964.0
297216, 9749.0
297472, 9620.0
297728, 9632.0
297984, 9569.0
298240, 9609.0
298496, 9863.0
298752, 9677.0
299008, 9768.0
299264, 9858.0
299520, 9869.0
299776, 9919.0
300032, 10023.0
300288, 10093.0
300544, 10295.0
300800, 10100.0
301056, 10004.0
301312, 9910.0
301568, 9868.0
301824, 9906.0
302080, 9731.0
302336, 9740.0
302592, 9765.0
302848, 9868.0
303104, 9984.0
303360, 9992.0
303616, 10007.0
303872, 10042.0
304128, 10099.0
304384, 10276.0
304640, 10528.0
304896, 10255.0
305152, 10198.0
305408, 10070.0
305664, 10046.0
305920, 10060.0
306176, 10029.0
306432, 9905.0
306688, 10021.0
306944, 10034.0
307200, 9990.0
307456, 10097.0
307712, 10463.0
307968, 10324.0
308224, 10339.0
308480, 10451.0
308736, 10703.0
308992, 10633.0
309248, 10462.0
309504, 10729.0
309760, 10677.0
310016, 10832.0
310272, 11352.0
310528, 10200.0
310784, 10442.0
311040, 10829.0
311296, 10303.0
311552, 10272.0
311808, 10296.0
312064, 10397.0
312320, 10675.0
312576, 10799.0
312832, 10945.0
313088, 10763.0
313344, 10778.0
313600, 10652.0
313856, 10254.0
314112, 10527.0
314368, 10437.0
314624, 10134.0
314880, 10299.0
315136, 10397.0
315392, 10329.0
315648, 10476.0
315904, 11034.0
316160, 10621.0
316416, 10490.0
316672, 10576.0
316928, 12234.0
317184, 10845.0
317440, 10809.0
317696, 11543.0
317952, 10504.0
318208, 10462.0
318464, 10494.0
318720, 10413.0
318976, 10638.0
319232, 10637.0
319488, 10585.0
319744, 10686.0
320000, 11079.0
320256, 10836.0
320512, 10809.0
320768, 11237.0
321024, 11201.0
321280, 10976.0
321536, 10889.0
321792, 10663.0
322048, 10579.0
322304, 10439.0
322560, 10440.0
322816, 10461.0
323072, 10562.0
323328, 10641.0
323584, 10884.0
323840, 11497.0
324096, 10969.0
324352, 12432.0
324608, 11960.0
324864, 11618.0
325120, 14005.0
325376, 11185.0
325632, 11084.0
325888, 10921.0
326144, 10858.0
326400, 10722.0
326656, 10704.0
326912, 10855.0
327168, 10560.0
327424, 11863.0
327680, 10729.0
327936, 10884.0
328192, 11471.0
328448, 11413.0
328704, 11239.0
328960, 11389.0
329216, 11675.0
329472, 11444.0
329728, 11299.0
329984, 11168.0
330240, 11053.0
330496, 10956.0
330752, 10916.0
331008, 10916.0
331264, 10953.0
331520, 11119.0
331776, 11157.0
332032, 11333.0
332288, 11516.0
332544, 11413.0
332800, 11385.0
333056, 11599.0
333312, 11771.0
333568, 11497.0
333824, 11401.0
334080, 11268.0
334336, 11164.0
334592, 11112.0
334848, 11038.0
335104, 11059.0
335360, 11160.0
335616, 11199.0
335872, 11293.0
336128, 11363.0
336384, 11478.0
336640, 11441.0
336896, 11500.0
337152, 11704.0
337408, 11984.0
337664, 11669.0
337920, 11599.0
338176, 11429.0
338432, 11300.0
338688, 11218.0
338944, 11201.0
339200, 11505.0
339456, 11278.0
339712, 11366.0
339968, 11415.0
340224, 11619.0
340480, 11640.0
340736, 11586.0
340992, 11663.0
341248, 11730.0
341504, 12108.0
341760, 11872.0
342016, 11716.0
342272, 11532.0
342528, 11335.0
342784, 11330.0
343040, 11370.0
343296, 11348.0
343552, 11407.0
343808, 11545.0
344064, 11578.0
344320, 11789.0
344576, 11726.0
344832, 11771.0
345088, 11693.0
345344, 11954.0
345600, 12194.0
345856, 12008.0
346112, 11829.0
346368, 11637.0
346624, 11581.0
346880, 11509.0
347136, 11471.0
347392, 11590.0
347648, 11557.0
347904, 11684.0
348160, 11719.0
348416, 11874.0
348672, 11908.0
348928, 11882.0
349184, 11902.0
349440, 12157.0
349696, 12787.0
349952, 12422.0
350208, 12318.0
350464, 12109.0
350720, 11641.0
350976, 11559.0
351232, 11513.0
351488, 11609.0
351744, 11631.0
352000, 11761.0
352256, 11819.0
352512, 12666.0
352768, 12108.0
353024, 12033.0
353280, 12008.0
353536, 12230.0
353792, 12445.0
354048, 12262.0
354304, 11998.0
354560, 11863.0
354816, 11558.0
355072, 11499.0
355328, 11460.0
355584, 11550.0
355840, 11632.0
356096, 11565.0
356352, 11774.0
356608, 11895.0
356864, 11895.0
357120, 12267.0
357376, 11914.0
357632, 12043.0
357888, 12337.0
358144, 12092.0
358400, 11976.0
358656, 11870.0
358912, 11665.0
359168, 11696.0
359424, 11608.0
359680, 11695.0
359936, 11743.0
360192, 11743.0
360448, 11857.0
360704, 11961.0
360960, 12154.0
361216, 12213.0
361472, 12083.0
361728, 12284.0
361984, 12394.0
362240, 12266.0
362496, 12044.0
362752, 11961.0
363008, 11826.0
363264, 11766.0
363520, 11800.0
363776, 11783.0
364032, 11703.0
364288, 11939.0
364544, 12056.0
364800, 12080.0
365056, 12107.0
365312, 12190.0
365568, 12159.0
365824, 12358.0
366080, 12748.0
366336, 12346.0
366592, 12358.0
366848, 12160.0
367104, 11950.0
367360, 11832.0
367616, 11929.0
367872, 11806.0
368128, 11914.0
368384, 12035.0
368640, 12112.0
368896, 12416.0
369152, 12266.0
369408, 12260.0
369664, 12576.0
369920, 12437.0
370176, 12896.0
370432, 12534.0
370688, 12483.0
370944, 12408.0
371200, 12072.0
371456, 12061.0
371712, 12058.0
371968, 11909.0
372224, 12430.0
372480, 13617.0
372736, 12846.0
372992, 13774.0
373248, 12592.0
373504, 12505.0
373760, 13236.0
374016, 13035.0
374272, 13404.0
374528, 13178.0
374784, 14199.0
375040, 13921.0
375296, 13457.0
375552, 14458.0
375808, 12829.0
376064, 13015.0
376320, 12928.0
376576, 12883.0
376832, 15149.0
377088, 14038.0
377344, 13316.0
377600, 13680.0
377856, 13808.0
378112, 13157.0
378368, 13246.0
378624, 13964.0
378880, 13826.0
379136, 13124.0
379392, 12994.0
379648, 12484.0
379904, 12820.0
380160, 12368.0
380416, 12742.0
380672, 12481.0
380928, 12839.0
381184, 13320.0
381440, 13948.0
381696, 13370.0
381952, 13153.0
382208, 13266.0
382464, 13639.0
382720, 13315.0
382976, 13209.0
383232, 12999.0
383488, 12752.0
383744, 12738.0
384000, 12663.0
384256, 12790.0
384512, 12797.0
384768, 12977.0
385024, 12994.0
385280, 13191.0
385536, 13104.0
385792, 13153.0
386048, 13180.0
386304, 13373.0
386560, 13680.0
386816, 13516.0
387072, 13302.0
387328, 13144.0
387584, 12887.0
387840, 12874.0
388096, 12807.0
388352, 12802.0
388608, 12940.0
388864, 13041.0
389120, 13100.0
389376, 13201.0
389632, 13293.0
389888, 13307.0
390144, 13311.0
390400, 13508.0
390656, 13971.0
390912, 13613.0
391168, 13434.0
391424, 13210.0
391680, 13137.0
391936, 13032.0
392192, 13049.0
392448, 13011.0
392704, 13089.0
392960, 13224.0
393216, 13304.0
393472, 13425.0
393728, 13422.0
393984, 13403.0
394240, 13554.0
394496, 13636.0
394752, 13930.0
395008, 13680.0
395264, 13574.0
395520, 13392.0
395776, 13283.0
396032, 13123.0
396288, 13110.0
396544, 13122.0
396800, 13232.0
397056, 13285.0
397312, 13426.0
397568, 13487.0
397824, 13538.0
398080, 13588.0
398336, 13609.0
398592, 13788.0
398848, 14136.0
399104, 13856.0
399360, 13751.0
399616, 13588.0
399872, 13304.0
400128, 13218.0
400384, 13368.0
400640, 13338.0
400896, 14095.0
401152, 13292.0
401408, 13724.0
401664, 13363.0
401920, 13478.0
402176, 13441.0
402432, 13502.0
402688, 13695.0
402944, 13922.0
403200, 13630.0
403456, 13424.0
403712, 13358.0
403968, 13245.0
404224, 13119.0
404480, 12988.0
404736, 13202.0
404992, 13123.0
405248, 13189.0
405504, 13388.0
405760, 13451.0
406016, 13537.0
406272, 13461.0
406528, 13595.0
406784, 13784.0
407040, 14081.0
407296, 13771.0
407552, 13555.0
407808, 13554.0
408064, 13346.0
408320, 13331.0
408576, 13196.0
408832, 13187.0
409088, 13893.0
409344, 14265.0
409600, 13865.0
409856, 13711.0
410112, 13889.0
410368, 13844.0
410624, 13680.0
410880, 14264.0
411136, 15242.0
411392, 15040.0
411648, 14471.0
411904, 13582.0
412160, 13466.0
412416, 13209.0
412672, 13454.0
412928, 13360.0
413184, 13431.0
413440, 13601.0
413696, 13622.0
413952, 13784.0
414208, 13653.0
414464, 13848.0
414720, 13730.0
414976, 14053.0
415232, 14246.0
415488, 14049.0
415744, 13865.0
416000, 13787.0
416256, 13487.0
416512, 13580.0
416768, 13349.0
417024, 13342.0
417280, 13658.0
417536, 13757.0
417792, 13783.0
418048, 13929.0
418304, 13918.0
418560, 13918.0
418816, 14042.0
419072, 14231.0
419328, 14439.0
419584, 14075.0
419840, 14095.0
420096, 13753.0
420352, 13688.0
420608, 13740.0
420864, 13601.0
421120, 13501.0
421376, 13551.0
421632, 13726.0
421888, 13875.0
422144, 13890.0
422400, 14031.0
422656, 14202.0
422912, 14028.0
423168, 14303.0
423424, 14558.0
423680, 14234.0
423936, 14137.0
424192, 14098.0
424448, 13950.0
424704, 13655.0
424960, 13757.0
425216, 13607.0
425472, 13840.0
425728, 13799.0
425984, 13886.0
426240, 14112.0
426496, 14209.0
426752, 14253.0
427008, 14247.0
427264, 14469.0
427520, 14732.0
427776, 14580.0
428032, 14346.0
428288, 14043.0
428544, 14060.0
428800, 13776.0
429056, 13890.0
429312, 13859.0
429568, 13861.0
429824, 14175.0
430080, 14062.0
430336, 14344.0
430592, 14390.0
430848, 14376.0
431104, 14347.0
431360, 14729.0
431616, 15006.0
431872, 14630.0
432128, 14401.0
432384, 14425.0
432640, 14248.0
432896, 13979.0
433152, 13894.0
433408, 13941.0
433664, 13912.0
433920, 14223.0
434176, 14286.0
434432, 14424.0
434688, 14431.0
434944, 14432.0
435200, 14601.0
435456, 14605.0
435712, 15043.0
435968, 14837.0
436224, 14643.0
436480, 14707.0
436736, 14389.0
436992, 13969.0
437248, 14024.0
437504, 14169.0
437760, 14174.0
438016, 14259.0
438272, 14323.0
438528, 14712.0
438784, 14751.0
439040, 14646.0
439296, 14499.0
439552, 14964.0
439808, 15378.0
440064, 14762.0
440320, 14840.0
440576, 14595.0
440832, 14425.0
441088, 14442.0
441344, 14187.0
441600, 14213.0
441856, 14231.0
442112, 14513.0
442368, 14473.0
442624, 14511.0
442880, 14613.0
443136, 14554.0
443392, 14612.0
443648, 14907.0
443904, 15442.0
444160, 15025.0
444416, 14853.0
444672, 14660.0
444928, 14416.0
445184, 14284.0
445440, 14350.0
445696, 14447.0
445952, 14608.0
446208, 14570.0
446464, 14877.0
446720, 14880.0
446976, 14685.0
447232, 14928.0
447488, 15107.0
447744, 15045.0
448000, 15475.0
448256, 15292.0
448512, 15027.0
448768, 14764.0
449024, 14534.0
449280, 14457.0
449536, 14612.0
449792, 14455.0
450048, 14522.0
450304, 14698.0
450560, 14943.0
450816, 14940.0
451072, 14859.0
451328, 14960.0
451584, 15146.0
451840, 15163.0
452096, 15536.0
452352, 15250.0
452608, 15333.0
452864, 14910.0
453120, 14777.0
453376, 14644.0
453632, 14658.0
453888, 14827.0
454144, 14591.0
454400, 14688.0
454656, 14995.0
454912, 15068.0
455168, 15011.0
455424, 15205.0
455680, 15046.0
455936, 15399.0
456192, 15625.0
456448, 15474.0
456704, 15413.0
456960, 15040.0
457216, 14916.0
457472, 14903.0
457728, 14872.0
457984, 14852.0
458240, 14852.0
458496, 14853.0
458752, 15124.0
459008, 15152.0
459264, 15386.0
459520, 15453.0
459776, 15195.0
460032, 15461.0
460288, 15782.0
460544, 15742.0
460800, 15438.0
461056, 15313.0
461312, 15153.0
461568, 15028.0
461824, 15007.0
462080, 14911.0
462336, 14844.0
462592, 15089.0
462848, 15208.0
463104, 15240.0
463360, 15296.0
463616, 15381.0
463872, 15460.0
464128, 15587.0
464384, 16278.0
464640, 15595.0
464896, 15571.0
465152, 15411.0
465408, 15268.0
465664, 14927.0
465920, 15066.0
466176, 15038.0
466432, 15134.0
466688, 15083.0
466944, 15527.0
467200, 15543.0
467456, 15493.0
467712, 15551.0
467968, 15575.0
468224, 15650.0
468480, 16134.0
468736, 16104.0
468992, 15756.0
469248, 15539.0
469504, 15360.0
469760, 15102.0
470016, 15082.0
470272, 14997.0
470528, 15433.0
470784, 15219.0
471040, 15595.0
471296, 15839.0
471552, 15716.0
471808, 15713.0
472064, 15757.0
472320, 15987.0
472576, 16158.0
472832, 15916.0
473088, 15695.0
473344, 15508.0
473600, 15426.0
473856, 15241.0
474112, 15283.0
474368, 15221.0
474624, 15522.0
474880, 15491.0
475136, 15621.0
475392, 15618.0
475648, 15889.0
475904, 15922.0
476160, 15778.0
476416, 16152.0
476672, 16545.0
476928, 16247.0
477184, 15923.0
477440, 15752.0
477696, 15452.0
477952, 15580.0
478208, 15366.0
478464, 15350.0
478720, 15655.0
478976, 15626.0
479232, 15752.0
479488, 15762.0
479744, 15989.0
480000, 15958.0
480256, 16152.0
480512, 16194.0
480768, 16440.0
481024, 16251.0
481280, 16105.0
481536, 16037.0
481792, 15925.0
482048, 15461.0
482304, 15700.0
482560, 15591.0
482816, 15835.0
483072, 15863.0
483328, 16044.0
483584, 15984.0
483840, 16105.0
484096, 16107.0
484352, 15997.0
484608, 16290.0
484864, 16605.0
485120, 16365.0
485376, 16276.0
485632, 15994.0
485888, 15834.0
486144, 15655.0
486400, 15787.0
486656, 15577.0
486912, 15891.0
487168, 15935.0
487424, 15989.0
487680, 16103.0
487936, 16231.0
488192, 16065.0
488448, 16138.0
488704, 16508.0
488960, 16834.0
489216, 16354.0
489472, 16374.0
489728, 16163.0
489984, 16063.0
490240, 15763.0
490496, 15738.0
490752, 15856.0
491008, 15890.0
491264, 16087.0
491520, 16201.0
491776, 16415.0
492032, 16248.0
492288, 16530.0
492544, 16539.0
492800, 16588.0
493056, 17368.0
493312, 16727.0
493568, 16488.0
493824, 16352.0
494080, 16089.0
494336, 15950.0
494592, 16027.0
494848, 16200.0
495104, 16146.0
495360, 16122.0
495616, 16326.0
495872, 16294.0
496128, 16499.0
496384, 16490.0
496640, 16434.0
496896, 16767.0
497152, 17341.0
497408, 16874.0
497664, 16690.0
497920, 16513.0
498176, 16184.0
498432, 16241.0
498688, 16133.0
498944, 16077.0
499200, 16192.0
499456, 16343.0
499712, 16308.0
499968, 16658.0
500224, 16590.0
500480, 16824.0
500736, 16686.0
500992, 16690.0
501248, 17192.0
501504, 16975.0
501760, 16903.0
502016, 16463.0
502272, 16488.0
502528, 16260.0
502784, 16358.0
503040, 16220.0
503296, 16366.0
503552, 16543.0
503808, 16697.0
504064, 16667.0
504320, 16891.0
504576, 16610.0
504832, 16751.0
505088, 17163.0
505344, 17354.0
505600, 17230.0
505856, 16957.0
506112, 16885.0
506368, 16518.0
506624, 16269.0
506880, 16330.0
507136, 16357.0
507392, 16346.0
507648, 16507.0
507904, 16787.0
508160, 16893.0
508416, 17071.0
508672, 16720.0
508928, 17252.0
509184, 17046.0
509440, 17516.0
509696, 17422.0
509952, 16886.0
510208, 16993.0
510464, 16666.0
510720, 16403.0
510976, 16494.0
511232, 16405.0
511488, 16463.0
511744, 16635.0
512000, 16820.0
512256, 16977.0
512512, 17065.0
512768, 17152.0
513024, 17135.0
513280, 17390.0
513536, 17547.0
513792, 17330.0
514048, 17126.0
514304, 16963.0
514560, 16642.0
514816, 16525.0
515072, 16511.0
515328, 16576.0
515584, 16929.0
515840, 16942.0
516096, 17002.0
516352, 17265.0
516608, 17138.0
516864, 17331.0
517120, 17199.0
517376, 17612.0
517632, 17708.0
517888, 17364.0
518144, 17400.0
518400, 17119.0
518656, 16762.0
518912, 16874.0
519168, 16770.0
519424, 16574.0
519680, 16959.0
519936, 17011.0
520192, 17036.0
520448, 17290.0
520704, 17410.0
520960, 17388.0
521216, 17325.0
521472, 17492.0
521728, 17983.0
521984, 17555.0
522240, 17465.0
522496, 17102.0
522752, 16847.0
523008, 16896.0
523264, 16754.0
523520, 16876.0
523776, 16875.0
524032, 17121.0
524288, 17422.0
524544, 17222.0
524800, 17454.0
525056, 17633.0
525312, 17688.0
525568, 17655.0
525824, 18126.0
526080, 17829.0
526336, 17418.0
526592, 17410.0
526848, 17262.0
527104, 17138.0
527360, 17175.0
527616, 17216.0
527872, 17361.0
528128, 17282.0
528384, 17563.0
528640, 17487.0
528896, 17625.0
529152, 17648.0
529408, 17835.0
529664, 17984.0
529920, 18199.0
530176, 18245.0
530432, 17914.0
530688, 17625.0
530944, 17216.0
531200, 17210.0
531456, 17217.0
531712, 17370.0
531968, 17341.0
532224, 17418.0
532480, 17528.0
532736, 17754.0
532992, 17824.0
533248, 17899.0
533504, 17758.0
533760, 18079.0
534016, 18165.0
534272, 18001.0
534528, 17891.0
534784, 17571.0
535040, 17433.0
535296, 17343.0
535552, 17458.0
535808, 17320.0
536064, 17418.0
536320, 17400.0
536576, 17655.0
536832, 17784.0
537088, 17813.0
537344, 17734.0
537600, 18077.0
537856, 18485.0
538112, 18880.0
538368, 18434.0
538624, 18054.0
538880, 17587.0
539136, 17422.0
539392, 17434.0
539648, 17504.0
539904, 17422.0
540160, 17622.0
540416, 17685.0
540672, 17990.0
540928, 17801.0
541184, 17840.0
541440, 18111.0
541696, 17957.0
541952, 18238.0
542208, 18672.0
542464, 18213.0
542720, 18094.0
542976, 18097.0
543232, 17486.0
543488, 17406.0
543744, 17330.0
544000, 17389.0
544256, 17765.0
544512, 17732.0
544768, 17799.0
545024, 18064.0
545280, 17937.0
545536, 17938.0
545792, 18010.0
546048, 18684.0
546304, 18883.0
546560, 18361.0
546816, 18517.0
547072, 18074.0
547328, 17809.0
547584, 17714.0
547840, 17455.0
548096, 17845.0
548352, 17659.0
548608, 17734.0
548864, 17984.0
549120, 18091.0
549376, 18208.0
549632, 18129.0
549888, 18458.0
550144, 18537.0
550400, 18950.0
550656, 18671.0
550912, 18408.0
551168, 18210.0
551424, 17968.0
551680, 17827.0
551936, 17750.0
552192, 17793.0
552448, 18045.0
552704, 18066.0
552960, 18039.0
553216, 18136.0
553472, 18514.0
553728, 18312.0
553984, 18835.0
554240, 18798.0
554496, 19422.0
554752, 18626.0
555008, 18609.0
555264, 18376.0
555520, 18030.0
555776, 17929.0
556032, 17738.0
556288, 17942.0
556544, 17930.0
556800, 18240.0
557056, 18180.0
557312, 18336.0
557568, 18351.0
557824, 18685.0
558080, 18889.0
558336, 19106.0
558592, 19340.0
558848, 18929.0
559104, 18830.0
559360, 18554.0
559616, 18179.0
559872, 18284.0
560128, 17850.0
560384, 18129.0
560640, 18039.0
560896, 18464.0
561152, 18491.0
561408, 18647.0
561664, 18716.0
561920, 18934.0
562176, 18540.0
562432, 18957.0
562688, 19168.0
562944, 18791.0
563200, 18653.0
563456, 18417.0
563712, 18412.0
563968, 18008.0
564224, 18170.0
564480, 18406.0
564736, 18448.0
564992, 18368.0
565248, 18483.0
565504, 18914.0
565760, 18989.0
566016, 18893.0
566272, 19118.0
566528, 19038.0
566784, 19275.0
567040, 19534.0
567296, 19197.0
567552, 18782.0
567808, 18296.0
568064, 18172.0
568320, 18324.0
568576, 18272.0
568832, 18270.0
569088, 18780.0
569344, 18955.0
569600, 18880.0
569856, 18814.0
570112, 18745.0
570368, 19059.0
570624, 19037.0
570880, 19496.0
571136, 19825.0
571392, 18908.0
571648, 18771.0
571904, 18590.0
572160, 18308.0
572416, 18442.0
572672, 18643.0
572928, 18620.0
573184, 18472.0
573440, 18817.0
573696, 18788.0
573952, 19081.0
574208, 19303.0
574464, 18921.0
574720, 19455.0
574976, 19530.0
575232, 19188.0
575488, 19167.0
575744, 18811.0
576000, 19008.0
576256, 18745.0
576512, 18455.0
576768, 18458.0
577024, 18805.0
577280, 18804.0
577536, 18931.0
577792, 19341.0
578048, 19028.0
578304, 19110.0
578560, 19243.0
578816, 19594.0
579072, 19742.0
579328, 19632.0
579584, 19559.0
579840, 18977.0
580096, 19103.0
580352, 18959.0
580608, 18817.0
580864, 18789.0
581120, 18893.0
581376, 18946.0
581632, 19129.0
581888, 19475.0
582144, 19487.0
582400, 19521.0
582656, 19451.0
582912, 19701.0
583168, 19803.0
583424, 19774.0
583680, 19324.0
583936, 19385.0
584192, 19180.0
584448, 18839.0
584704, 19060.0
584960, 18756.0
585216, 18889.0
585472, 18970.0
585728, 19271.0
585984, 19260.0
586240, 19396.0
586496, 19449.0
586752, 19492.0
587008, 20121.0
587264, 20584.0
587520, 19675.0
587776, 19682.0
588032, 19570.0
588288, 19278.0
588544, 18945.0
588800, 19144.0
589056, 19022.0
589312, 19284.0
589568, 19119.0
589824, 19371.0
590080, 19563.0
590336, 19764.0
590592, 19608.0
590848, 19604.0
591104, 20283.0
591360, 20129.0
591616, 20090.0
591872, 19827.0
592128, 19347.0
592384, 19258.0
592640, 19033.0
592896, 18964.0
593152, 19344.0
593408, 19047.0
593664, 19556.0
593920, 19512.0
594176, 19538.0
594432, 19830.0
594688, 19576.0
594944, 19944.0
595200, 20165.0
595456, 20308.0
595712, 19899.0
595968, 19991.0
596224, 19654.0
596480, 19432.0
596736, 19404.0
596992, 19321.0
597248, 19164.0
597504, 19377.0
597760, 19535.0
598016, 19614.0
598272, 19731.0
598528, 20062.0
598784, 19853.0
599040, 19805.0
599296, 20288.0
599552, 20876.0
599808, 20431.0
600064, 19961.0
600320, 19622.0
600576, 19529.0
600832, 19639.0
601088, 19528.0
601344, 19320.0
601600, 19729.0
601856, 19874.0
602112, 19865.0
602368, 20254.0
602624, 19845.0
602880, 20082.0
603136, 19983.0
603392, 20222.0
603648, 21026.0
603904, 20593.0
604160, 20516.0
604416, 19995.0
604672, 19516.0
604928, 19361.0
605184, 19685.0
605440, 19395.0
605696, 19751.0
605952, 19568.0
606208, 19732.0
606464, 20196.0
606720, 20142.0
606976, 20203.0
607232, 20131.0
607488, 20356.0
607744, 20860.0
608000, 20332.0
608256, 20421.0
608512, 20185.0
608768, 19640.0
609024, 19742.0
609280, 19710.0
609536, 19927.0
609792, 19545.0
610048, 20043.0
610304, 20204.0
610560, 20409.0
610816, 20350.0
611072, 20236.0
611328, 20591.0
611584, 20845.0
611840, 21126.0
612096, 20908.0
612352, 20332.0
612608, 20058.0
612864, 19849.0
613120, 19874.0
613376, 19979.0
613632, 19773.0
613888, 19880.0
614144, 19950.0
614400, 20061.0
614656, 20383.0
614912, 20519.0
615168, 20545.0
615424, 20613.0
615680, 20572.0
615936, 21216.0
616192, 20724.0
616448, 20733.0
616704, 20632.0
616960, 20113.0
617216, 20097.0
617472, 19921.0
617728, 19951.0
617984, 20035.0
618240, 20293.0
618496, 20420.0
618752, 20347.0
619008, 20403.0
619264, 20564.0
619520, 20535.0
619776, 21281.0
620032, 21602.0
620288, 20953.0
620544, 20592.0
620800, 20724.0
621056, 20148.0
621312, 20020.0
621568, 20107.0
621824, 19890.0
622080, 20293.0
622336, 20263.0
622592, 20458.0
622848, 20671.0
623104, 20874.0
623360, 20743.0
623616, 20718.0
623872, 20843.0
624128, 21659.0
624384, 21426.0
624640, 21002.0
624896, 20712.0
625152, 20220.0
625408, 20139.0
625664, 20197.0
625920, 20058.0
626176, 20540.0
626432, 20438.0
626688, 20563.0
626944, 20610.0
627200, 20776.0
627456, 20758.0
627712, 20995.0
627968, 21006.0
628224, 21995.0
628480, 21184.0
628736, 20954.0
628992, 20784.0
629248, 20545.0
629504, 20208.0
629760, 20586.0
630016, 20122.0
630272, 20428.0
630528, 20525.0
630784, 20702.0
631040, 20750.0
631296, 21096.0
631552, 21094.0
631808, 20958.0
632064, 21649.0
632320, 21819.0
632576, 21196.0
632832, 21418.0
633088, 20883.0
633344, 20607.0
633600, 20544.0
633856, 20616.0
634112, 20222.0
634368, 20788.0
634624, 20460.0
634880, 20854.0
635136, 21124.0
635392, 21140.0
635648, 21328.0
635904, 21405.0
636160, 21507.0
636416, 21715.0
636672, 21480.0
636928, 21263.0
637184, 21271.0
637440, 20854.0
637696, 20752.0
637952, 20611.0
638208, 20356.0
638464, 20636.0
638720, 20931.0
638976, 20926.0
639232, 21050.0
639488, 21119.0
639744, 21054.0
640000, 21356.0
640256, 21743.0
640512, 22084.0
640768, 21566.0
641024, 21219.0
641280, 21278.0
641536, 20885.0
641792, 20811.0
642048, 20547.0
642304, 20543.0
642560, 20716.0
642816, 21066.0
643072, 21145.0
643328, 21099.0
643584, 21511.0
643840, 21539.0
644096, 21567.0
644352, 22113.0
644608, 22524.0
644864, 21830.0
645120, 21800.0
645376, 21117.0
645632, 21056.0
645888, 20710.0
646144, 21089.0
646400, 20617.0
646656, 20751.0
646912, 20948.0
647168, 21198.0
647424, 21488.0
647680, 21467.0
647936, 21364.0
648192, 21377.0
648448, 22125.0
648704, 22454.0
648960, 22091.0
649216, 21603.0
649472, 21496.0
649728, 21302.0
649984, 20891.0
650240, 20968.0
650496, 20956.0
650752, 21288.0
651008, 21381.0
651264, 21198.0
651520, 21710.0
651776, 21688.0
652032, 21419.0
652288, 21756.0
652544, 22146.0
652800, 22299.0
653056, 22333.0
653312, 21813.0
653568, 21680.0
653824, 21351.0
654080, 21144.0
654336, 21045.0
654592, 21091.0
654848, 21108.0
655104, 21267.0
655360, 21692.0
655616, 21769.0
655872, 21597.0
656128, 21569.0
656384, 21662.0
656640, 21935.0
656896, 23084.0
657152, 22459.0
657408, 22190.0
657664, 21594.0
657920, 21280.0
658176, 21010.0
658432, 21683.0
658688, 21571.0
658944, 21542.0
659200, 21564.0
659456, 21654.0
659712, 21846.0
659968, 21831.0
660224, 21939.0
660480, 21961.0
660736, 22539.0
660992, 22655.0
661248, 22745.0
661504, 22291.0
661760, 21719.0
662016, 21586.0
662272, 21455.0
662528, 21393.0
662784, 21453.0
663040, 21286.0
663296, 21874.0
663552, 21590.0
663808, 22085.0
664064, 21799.0
664320, 21834.0
664576, 22507.0
664832, 22664.0
665088, 22625.0
665344, 22547.0
665600, 22227.0
665856, 21743.0
666112, 21526.0
666368, 21533.0
666624, 21396.0
666880, 21408.0
667136, 21494.0
667392, 21908.0
667648, 21739.0
667904, 21883.0
668160, 22241.0
668416, 22288.0
668672, 22251.0
668928, 22897.0
669184, 23026.0
669440, 22655.0
669696, 22365.0
669952, 22395.0
670208, 21804.0
670464, 21446.0
670720, 21611.0
670976, 21664.0
671232, 21884.0
671488, 21684.0
671744, 22120.0
672000, 22391.0
672256, 22165.0
672512, 22379.0
672768, 22557.0
673024, 22398.0
673280, 23331.0
673536, 22922.0
673792, 22349.0
674048, 22409.0
674304, 22039.0
674560, 21531.0
674816, 21777.0
675072, 21769.0
675328, 21932.0
675584, 22099.0
675840, 22499.0
676096, 22443.0
676352, 22515.0
676608, 22604.0
676864, 22850.0
677120, 22994.0
677376, 23703.0
677632, 22908.0
677888, 22820.0
678144, 22531.0
678400, 22230.0
678656, 22079.0
678912, 21669.0
679168, 21970.0
679424, 21817.0
679680, 22128.0
679936, 22383.0
680192, 22316.0
680448, 22504.0
680704, 22641.0
680960, 23051.0
681216, 23263.0
681472, 23925.0
681728, 23031.0
681984, 23095.0
682240, 22567.0
682496, 22169.0
682752, 22054.0
683008, 22323.0
683264, 21832.0
683520, 22069.0
683776, 22324.0
684032, 22547.0
684288, 22871.0
684544, 22575.0
684800, 23159.0
685056, 23028.0
685312, 22936.0
685568, 23305.0
685824, 23003.0
686080, 22693.0
686336, 22753.0
686592, 22114.0
686848, 22212.0
687104, 21881.0
687360, 21970.0
687616, 22518.0
687872, 22235.0
688128, 22676.0
688384, 22834.0
688640, 22918.0
688896, 22772.0
689152, 22761.0
689408, 23434.0
689664, 23983.0
689920, 23110.0
690176, 22878.0
690432, 22690.0
690688, 22813.0
690944, 22500.0
691200, 22170.0
691456, 22102.0
691712, 22204.0
691968, 22604.0
692224, 22873.0
692480, 23229.0
692736, 22771.0
692992, 23066.0
693248, 23109.0
693504, 23419.0
693760, 24140.0
694016, 23430.0
694272, 23305.0
694528, 22966.0
694784, 22783.0
695040, 22293.0
695296, 22574.0
695552, 22265.0
695808, 22346.0
696064, 22493.0
696320, 22597.0
696576, 22844.0
696832, 22993.0
697088, 23006.0
697344, 23578.0
697600, 23587.0
697856, 23990.0
698112, 23346.0
698368, 23099.0
698624, 23027.0
698880, 22761.0
699136, 22710.0
699392, 22661.0
699648, 22670.0
699904, 22787.0
700160, 22719.0
700416, 22890.0
700672, 23053.0
700928, 23402.0
701184, 23349.0
701440, 23236.0
701696, 23929.0
701952, 24176.0
702208, 23759.0
702464, 23839.0
702720, 22989.0
702976, 23034.0
703232, 22912.0
703488, 22553.0
703744, 22450.0
704000, 22822.0
704256, 22949.0
704512, 22925.0
704768, 23675.0
705024, 23300.0
705280, 23333.0
705536, 23500.0
705792, 23990.0
706048, 24508.0
706304, 24175.0
706560, 23600.0
706816, 23282.0
707072, 23023.0
707328, 22656.0
707584, 22792.0
707840, 22648.0
708096, 22901.0
708352, 23353.0
708608, 23068.0
708864, 23768.0
709120, 23897.0
709376, 23582.0
709632, 23859.0
709888, 24350.0
710144, 24984.0
710400, 24076.0
710656, 23887.0
710912, 23655.0
711168, 23319.0
711424, 23045.0
711680, 23064.0
711936, 23369.0
712192, 23118.0
712448, 23060.0
712704, 23164.0
712960, 23711.0
713216, 24029.0
713472, 23523.0
713728, 24146.0
713984, 24059.0
714240, 24726.0
714496, 24078.0
714752, 23783.0
715008, 23399.0
715264, 23162.0
715520, 22895.0
715776, 22924.0
716032, 22970.0
716288, 23391.0
716544, 23557.0
716800, 23339.0
717056, 23814.0
717312, 23593.0
717568, 24034.0
717824, 23904.0
718080, 24417.0
718336, 25017.0
718592, 24155.0
718848, 24020.0
719104, 23777.0
719360, 23444.0
719616, 23069.0
719872, 23111.0
720128, 23428.0
720384, 23174.0
720640, 23528.0
720896, 23797.0
721152, 24130.0
721408, 23905.0
721664, 24097.0
721920, 24280.0
722176, 24071.0
722432, 24908.0
722688, 24854.0
722944, 23941.0
723200, 23867.0
723456, 23684.0
723712, 23359.0
723968, 23515.0
724224, 23363.0
724480, 23675.0
724736, 23437.0
724992, 23571.0
725248, 24248.0
725504, 23862.0
725760, 24399.0
726016, 24146.0
726272, 24697.0
726528, 24787.0
726784, 24374.0
727040, 24565.0
727296, 23780.0
727552, 23888.0
727808, 23303.0
728064, 23338.0
728320, 23690.0
728576, 23344.0
728832, 23770.0
729088, 24042.0
729344, 24324.0
729600, 24429.0
729856, 24084.0
730112, 24232.0
730368, 24628.0
730624, 25285.0
730880, 24636.0
731136, 24157.0
731392, 24125.0
731648, 23658.0
731904, 23460.0
732160, 23691.0
732416, 23544.0
732672, 23860.0
732928, 23897.0
733184, 23998.0
733440, 24346.0
733696, 24113.0
733952, 24377.0
734208, 24456.0
734464, 24787.0
734720, 25333.0
734976, 24590.0
735232, 24605.0
735488, 24350.0
735744, 24042.0
736000, 23629.0
736256, 23729.0
736512, 23725.0
736768, 24085.0
737024, 23772.0
737280, 24114.0
737536, 24496.0
737792, 24800.0
738048, 24296.0
738304, 24932.0
738560, 24576.0
738816, 25239.0
739072, 25219.0
739328, 24558.0
739584, 24402.0
739840, 23961.0
740096, 24154.0
740352, 23721.0
740608, 23748.0
740864, 24221.0
741120, 24458.0
741376, 24381.0
741632, 24607.0
741888, 24745.0
742144, 24356.0
742400, 24526.0
742656, 25229.0
742912, 25441.0
743168, 25158.0
743424, 24862.0
743680, 24468.0
743936, 24051.0
744192, 24150.0
744448, 24114.0
744704, 23945.0
744960, 23911.0
745216, 24029.0
745472, 24414.0
745728, 24549.0
745984, 24916.0
746240, 24874.0
746496, 24907.0
746752, 25258.0
747008, 26280.0
747264, 27017.0
747520, 25244.0
747776, 25063.0
748032, 24514.0
748288, 24376.0
748544, 24437.0
748800, 24298.0
749056, 24636.0
749312, 24383.0
749568, 24550.0
749824, 24911.0
750080, 24890.0
750336, 24988.0
750592, 25514.0
750848, 25254.0
751104, 25601.0
751360, 25291.0
751616, 25318.0
751872, 24680.0
752128, 24295.0
752384, 24355.0
752640, 24235.0
752896, 24276.0
753152, 24235.0
753408, 24503.0
753664, 24507.0
753920, 25015.0
754176, 25036.0
754432, 25016.0
754688, 25434.0
754944, 25343.0
755200, 25832.0
755456, 25890.0
755712, 25494.0
755968, 24908.0
756224, 24751.0
756480, 24372.0
756736, 24227.0
756992, 24526.0
757248, 24701.0
757504, 24625.0
757760, 24884.0
758016, 25091.0
758272, 25195.0
758528, 25249.0
758784, 25620.0
759040, 25779.0
759296, 25969.0
759552, 25586.0
759808, 25340.0
760064, 25040.0
760320, 24877.0
760576, 24527.0
760832, 24448.0
761088, 24563.0
761344, 24571.0
761600, 24839.0
761856, 24946.0
762112, 25052.0
762368, 25300.0
762624, 25139.0
762880, 25544.0
763136, 25966.0
763392, 26735.0
763648, 25719.0
763904, 25567.0
764160, 25165.0
764416, 25191.0
764672, 24903.0
764928, 24634.0
765184, 25060.0
765440, 24725.0
765696, 24830.0
765952, 25101.0
766208, 25685.0
766464, 25624.0
766720, 25235.0
766976, 25719.0
767232, 25623.0
767488, 26771.0
767744, 26095.0
768000, 25809.0
768256, 25661.0
768512, 24907.0
768768, 24562.0
769024, 24971.0
769280, 24879.0
769536, 24865.0
769792, 25092.0
770048, 25112.0
770304, 25695.0
770560, 25369.0
770816, 25953.0
771072, 25987.0
771328, 25737.0
771584, 26490.0
771840, 26049.0
772096, 25796.0
772352, 28160.0
772608, 25519.0
772864, 25216.0
773120, 25297.0
773376, 25199.0
773632, 25329.0
773888, 25400.0
774144, 25504.0
774400, 25944.0
774656, 25724.0
774912, 25774.0
775168, 25647.0
775424, 26447.0
775680, 27068.0
775936, 26420.0
776192, 26368.0
776448, 25571.0
776704, 25408.0
776960, 24993.0
777216, 24953.0
777472, 25169.0
777728, 25224.0
777984, 25071.0
778240, 25306.0
778496, 25927.0
778752, 26054.0
779008, 25958.0
779264, 25864.0
779520, 26191.0
779776, 26991.0
780032, 26685.0
780288, 26133.0
780544, 25736.0
780800, 25368.0
781056, 25225.0
781312, 25383.0
781568, 24987.0
781824, 25209.0
782080, 25511.0
782336, 25583.0
782592, 25839.0
782848, 26024.0
783104, 25870.0
783360, 26183.0
783616, 26530.0
783872, 27458.0
784128, 26779.0
784384, 26099.0
784640, 26028.0
784896, 25516.0
785152, 25220.0
785408, 25311.0
785664, 25345.0
785920, 25419.0
786176, 25636.0
786432, 26072.0
786688, 26253.0
786944, 26124.0
787200, 25984.0
787456, 26265.0
787712, 26638.0
787968, 27092.0
788224, 26931.0
788480, 26242.0
788736, 26041.0
788992, 25687.0
789248, 25576.0
789504, 25564.0
789760, 25625.0
790016, 25622.0
790272, 25788.0
790528, 26409.0
790784, 26298.0
791040, 26028.0
791296, 26389.0
791552, 26413.0
791808, 26372.0
792064, 27049.0
792320, 26891.0
792576, 26267.0
792832, 26395.0
793088, 25575.0
793344, 25441.0
793600, 25752.0
793856, 25475.0
794112, 25752.0
794368, 26094.0
794624, 26308.0
794880, 26511.0
795136, 26692.0
795392, 26524.0
795648, 26579.0
795904, 27246.0
796160, 27938.0
796416, 26672.0
796672, 26967.0
796928, 26148.0
797184, 26040.0
797440, 25774.0
797696, 25949.0
797952, 26127.0
798208, 26181.0
798464, 26590.0
798720, 26458.0
798976, 26682.0
799232, 26663.0
799488, 26846.0
799744, 26793.0
800000, 27227.0
800256, 27645.0
800512, 27121.0
800768, 29108.0
801024, 27387.0
801280, 26131.0
801536, 25914.0
801792, 26038.0
802048, 25951.0
802304, 25910.0
802560, 26736.0
802816, 28761.0
803072, 27329.0
803328, 28300.0
803584, 28217.0
803840, 27683.0
804096, 27684.0
804352, 28362.0
804608, 27927.0
804864, 27398.0
805120, 27197.0
805376, 28915.0
805632, 28134.0
805888, 29995.0
806144, 27629.0
806400, 30108.0
806656, 29533.0
806912, 27668.0
807168, 31775.0
807424, 30398.0
807680, 30174.0
807936, 33926.0
808192, 29098.0
808448, 28666.0
808704, 28737.0
808960, 27940.0
809216, 26892.0
809472, 26622.0
809728, 26490.0
809984, 26210.0
810240, 26182.0
810496, 27161.0
810752, 26677.0
811008, 27059.0
811264, 27159.0
811520, 27858.0
811776, 27927.0
812032, 28000.0
812288, 28614.0
812544, 28688.0
812800, 28389.0
813056, 27885.0
813312, 27052.0
813568, 26937.0
813824, 26280.0
814080, 26811.0
814336, 27172.0
814592, 27584.0
814848, 27365.0
815104, 27483.0
815360, 27759.0
815616, 27721.0
815872, 27846.0
816128, 29107.0
816384, 28160.0
816640, 29244.0
816896, 28467.0
817152, 28324.0
817408, 27573.0
817664, 27247.0
817920, 26951.0
818176, 26935.0
818432, 27105.0
818688, 27276.0
818944, 27534.0
819200, 28553.0
819456, 27795.0
819712, 28060.0
819968, 28110.0
820224, 28613.0
820480, 28413.0
820736, 29098.0
820992, 28440.0
821248, 27983.0
821504, 28081.0
821760, 27852.0
822016, 27247.0
822272, 27204.0
822528, 27885.0
822784, 27377.0
823040, 28017.0
823296, 27179.0
823552, 27315.0
823808, 28159.0
824064, 27969.0
824320, 27823.0
824576, 28575.0
824832, 29213.0
825088, 28666.0
825344, 29595.0
825600, 27844.0
825856, 27421.0
826112, 27508.0
826368, 27750.0
826624, 27380.0
826880, 26986.0
827136, 27474.0
827392, 27097.0
827648, 27699.0
827904, 27625.0
828160, 28106.0
828416, 28209.0
828672, 28207.0
828928, 29056.0
829184, 29033.0
829440, 28580.0
829696, 28695.0
829952, 27709.0
830208, 27460.0
830464, 27710.0
830720, 27430.0
830976, 27716.0
831232, 28076.0
831488, 28436.0
831744, 28539.0
832000, 28251.0
832256, 28219.0
832512, 28173.0
832768, 28474.0
833024, 29334.0
833280, 28654.0
833536, 28420.0
833792, 28030.0
834048, 27570.0
834304, 27231.0
834560, 27517.0
834816, 27690.0
835072, 27374.0
835328, 28362.0
835584, 27931.0
835840, 27879.0
836096, 28242.0
836352, 28215.0
836608, 28867.0
836864, 28763.0
837120, 29743.0
837376, 29124.0
837632, 29940.0
837888, 30856.0
838144, 27646.0
838400, 27698.0
838656, 27721.0
838912, 28904.0
839168, 28018.0
839424, 27793.0
839680, 31641.0
839936, 28609.0
840192, 28580.0
840448, 28547.0
840704, 29315.0
840960, 29804.0
841216, 29790.0
841472, 34566.0
841728, 29325.0
841984, 28697.0
842240, 29267.0
842496, 27989.0
842752, 28257.0
843008, 28553.0
843264, 29160.0
843520, 30508.0
843776, 30753.0
844032, 30076.0
844288, 29361.0
844544, 28906.0
844800, 28967.0
845056, 29090.0
845312, 30341.0
845568, 29581.0
845824, 28248.0
846080, 28065.0
846336, 28384.0
846592, 28295.0
846848, 28558.0
847104, 27934.0
847360, 28424.0
847616, 28232.0
847872, 28506.0
848128, 28755.0
848384, 28749.0
848640, 28524.0
848896, 28497.0
849152, 28604.0
849408, 29441.0
849664, 28941.0
849920, 29544.0
850176, 29107.0
850432, 28528.0
850688, 28362.0
850944, 30309.0
851200, 28345.0
851456, 28601.0
851712, 29124.0
851968, 29455.0
852224, 29025.0
852480, 29394.0
852736, 29274.0
852992, 29589.0
853248, 29916.0
853504, 30433.0
853760, 30000.0
854016, 29584.0
854272, 29042.0
854528, 29507.0
854784, 28560.0
855040, 28348.0
855296, 29008.0
855552, 28723.0
855808, 28920.0
856064, 28790.0
856320, 29285.0
856576, 29462.0
856832, 30509.0
857088, 28707.0
857344, 29099.0
857600, 30790.0
857856, 29164.0
858112, 28838.0
858368, 28477.0
858624, 27998.0
858880, 27900.0
859136, 27952.0
859392, 28302.0
859648, 27954.0
859904, 28124.0
860160, 28313.0
860416, 28731.0
860672, 28625.0
860928, 28825.0
861184, 29354.0
861440, 34474.0
861696, 36297.0
861952, 30681.0
862208, 31432.0
862464, 32587.0
862720, 32331.0
862976, 31133.0
863232, 29509.0
863488, 30754.0
863744, 29915.0
864000, 31118.0
864256, 29773.0
864512, 29700.0
864768, 29848.0
865024, 29813.0
865280, 29709.0
865536, 30480.0
865792, 31506.0
866048, 30201.0
866304, 29772.0
866560, 28634.0
866816, 29303.0
867072, 28531.0
867328, 29011.0
867584, 32987.0
867840, 28966.0
868096, 31200.0
868352, 30997.0
868608, 30403.0
868864, 29964.0
869120, 29144.0
869376, 29872.0
869632, 30424.0
869888, 31165.0
870144, 30553.0
870400, 31295.0
870656, 30693.0
870912, 31050.0
871168, 29791.0
871424, 29956.0
871680, 30515.0
871936, 29240.0
872192, 29490.0
872448, 29703.0
872704, 29823.0
872960, 29907.0
873216, 29704.0
873472, 30275.0
873728, 29951.0
873984, 30915.0
874240, 30511.0
874496, 31025.0
874752, 29545.0
875008, 29353.0
875264, 28986.0
875520, 28848.0
875776, 28328.0
876032, 29241.0
876288, 32098.0
876544, 33643.0
876800, 29981.0
877056, 30608.0
877312, 30436.0
877568, 31094.0
877824, 31523.0
878080, 31936.0
878336, 31637.0
878592, 30399.0
878848, 29865.0
879104, 29450.0
879360, 30215.0
879616, 29103.0
879872, 29095.0
880128, 29510.0
880384, 29375.0
880640, 29888.0
880896, 30599.0
881152, 29999.0
881408, 30124.0
881664, 30192.0
881920, 30362.0
882176, 31217.0
882432, 30691.0
882688, 30405.0
882944, 30056.0
883200, 31053.0
883456, 29541.0
883712, 29664.0
883968, 30113.0
884224, 30573.0
884480, 29820.0
884736, 30158.0
884992, 30584.0
885248, 30729.0
885504, 30507.0
885760, 30410.0
886016, 30875.0
886272, 31490.0
886528, 31391.0
886784, 30896.0
887040, 30015.0
887296, 30319.0
887552, 29522.0
887808, 29509.0
888064, 30006.0
888320, 29122.0
888576, 28889.0
888832, 28993.0
889088, 29719.0
889344, 29606.0
889600, 29637.0
889856, 30423.0
890112, 31185.0
890368, 31800.0
890624, 31126.0
890880, 30823.0
891136, 31040.0
891392, 29886.0
891648, 29593.0
891904, 29621.0
892160, 30169.0
892416, 30611.0
892672, 31030.0
892928, 30503.0
893184, 30417.0
893440, 30791.0
893696, 30563.0
893952, 30159.0
894208, 30399.0
894464, 30973.0
894720, 30848.0
894976, 30256.0
895232, 30797.0
895488, 29946.0
895744, 31655.0
896000, 30897.0
896256, 30818.0
896512, 29791.0
896768, 29552.0
897024, 30625.0
897280, 32230.0
897536, 33340.0
897792, 32694.0
898048, 31879.0
898304, 34116.0
898560, 32731.0
898816, 30759.0
899072, 31313.0
899328, 29923.0
899584, 29325.0
899840, 29409.0
900096, 29283.0
900352, 29912.0
900608, 30062.0
900864, 29952.0
901120, 29750.0
901376, 30584.0
901632, 30981.0
901888, 31116.0
902144, 31341.0
902400, 31474.0
902656, 32516.0
902912, 31707.0
903168, 31928.0
903424, 30692.0
903680, 31055.0
903936, 35748.0
904192, 30141.0
904448, 29979.0
904704, 31477.0
904960, 30552.0
905216, 37838.0
905472, 31872.0
905728, 31313.0
905984, 32161.0
906240, 32899.0
906496, 34966.0
906752, 33992.0
907008, 36315.0
907264, 33234.0
907520, 32772.0
907776, 30933.0
908032, 31685.0
908288, 30570.0
908544, 30378.0
908800, 30673.0
909056, 31057.0
909312, 31311.0
909568, 31086.0
909824, 32557.0
910080, 31276.0
910336, 31272.0
910592, 32834.0
910848, 32889.0
911104, 33351.0
911360, 31799.0
911616, 31084.0
911872, 30555.0
912128, 30266.0
912384, 29537.0
912640, 30272.0
912896, 30352.0
913152, 30883.0
913408, 30413.0
913664, 31810.0
913920, 31423.0
914176, 32056.0
914432, 31723.0
914688, 32229.0
914944, 33682.0
915200, 32342.0
915456, 31901.0
915712, 31365.0
915968, 30967.0
916224, 30608.0
916480, 30504.0
916736, 31104.0
916992, 30592.0
917248, 31365.0
917504, 31295.0
917760, 32025.0
918016, 31720.0
918272, 31945.0
918528, 31198.0
918784, 32205.0
919040, 33377.0
919296, 32259.0
919552, 32110.0
919808, 31482.0
920064, 32017.0
920320, 30762.0
920576, 30545.0
920832, 30878.0
921088, 30630.0
921344, 32780.0
921600, 31849.0
921856, 31620.0
922112, 31945.0
922368, 31670.0
922624, 32011.0
922880, 32328.0
923136, 33327.0
923392, 31648.0
923648, 32034.0
923904, 31333.0
924160, 30935.0
924416, 31763.0
924672, 30737.0
924928, 30909.0
925184, 30991.0
925440, 31153.0
925696, 32059.0
925952, 32492.0
926208, 31808.0
926464, 32129.0
926720, 32687.0
926976, 32373.0
927232, 32127.0
927488, 32295.0
927744, 32247.0
928000, 31647.0
928256, 31274.0
928512, 31027.0
928768, 30965.0
929024, 30585.0
929280, 30862.0
929536, 30171.0
929792, 32248.0
930048, 31777.0
930304, 32061.0
930560, 30800.0
930816, 30966.0
931072, 32472.0
931328, 33212.0
931584, 31888.0
931840, 31284.0
932096, 30840.0
932352, 31361.0
932608, 30388.0
932864, 30640.0
933120, 31067.0
933376, 31451.0
933632, 30892.0
933888, 30546.0
934144, 31647.0
934400, 31929.0
934656, 31138.0
934912, 32187.0
935168, 31555.0
935424, 32013.0
935680, 32199.0
935936, 32237.0
936192, 31885.0
936448, 31415.0
936704, 31038.0
936960, 30376.0
937216, 30930.0
937472, 31750.0
937728, 30650.0
937984, 30881.0
938240, 31236.0
938496, 31962.0
938752, 33042.0
939008, 34362.0
939264, 32273.0
939520, 34225.0
939776, 32936.0
940032, 32652.0
940288, 32343.0
940544, 32016.0
940800, 31606.0
941056, 31581.0
941312, 31889.0
941568, 30676.0
941824, 31789.0
942080, 31807.0
942336, 31665.0
942592, 32652.0
942848, 31337.0
943104, 33883.0
943360, 33091.0
943616, 34044.0
943872, 34310.0
944128, 32818.0
944384, 32914.0
944640, 31951.0
944896, 31679.0
945152, 32464.0
945408, 33119.0
945664, 31694.0
945920, 31882.0
946176, 32132.0
946432, 34632.0
946688, 32463.0
946944, 32252.0
947200, 32629.0
947456, 33451.0
947712, 34113.0
947968, 33481.0
948224, 32652.0
948480, 32186.0
948736, 31739.0
948992, 31496.0
949248, 30657.0
949504, 31808.0
949760, 31838.0
950016, 31098.0
950272, 31346.0
950528, 31620.0
950784, 32480.0
951040, 32535.0
951296, 32714.0
951552, 34437.0
951808, 34673.0
952064, 34434.0
952320, 33687.0
952576, 32952.0
952832, 32767.0
953088, 32041.0
953344, 31677.0
953600, 31846.0
953856, 31797.0
954112, 32089.0
954368, 32830.0
954624, 32766.0
954880, 31783.0
955136, 33652.0
955392, 32998.0
955648, 33286.0
955904, 34805.0
956160, 33538.0
956416, 34033.0
956672, 33225.0
956928, 31937.0
957184, 31681.0
957440, 31653.0
957696, 31794.0
957952, 31797.0
958208, 32171.0
958464, 32634.0
958720, 32468.0
958976, 32063.0
959232, 32064.0
959488, 32296.0
959744, 33299.0
960000, 33104.0
960256, 32335.0
960512, 32222.0
960768, 32186.0
961024, 32735.0
961280, 32309.0
961536, 32546.0
961792, 32148.0
962048, 33050.0
962304, 31456.0
962560, 32643.0
962816, 33031.0
963072, 33386.0
963328, 32557.0
963584, 33606.0
963840, 33215.0
964096, 34533.0
964352, 33892.0
964608, 33882.0
964864, 33427.0
965120, 32345.0
965376, 32027.0
965632, 31077.0
965888, 32339.0
966144, 33217.0
966400, 32230.0
966656, 32512.0
966912, 32400.0
967168, 32157.0
967424, 33263.0
967680, 33826.0
967936, 34118.0
968192, 34640.0
968448, 34545.0
968704, 33903.0
968960, 33695.0
969216, 33481.0
969472, 32543.0
969728, 32365.0
969984, 32364.0
970240, 32568.0
970496, 32733.0
970752, 33161.0
971008, 33212.0
971264, 32735.0
971520, 33989.0
971776, 33369.0
972032, 34129.0
972288, 34708.0
972544, 33309.0
972800, 32326.0
973056, 32407.0
973312, 31711.0
973568, 31513.0
973824, 31418.0
974080, 31219.0
974336, 31456.0
974592, 31751.0
974848, 31969.0
975104, 34797.0
975360, 34186.0
975616, 33668.0
975872, 35577.0
976128, 35239.0
976384, 35260.0
976640, 34380.0
976896, 34062.0
977152, 32478.0
977408, 32919.0
977664, 31648.0
977920, 33436.0
978176, 32929.0
978432, 37581.0
978688, 33113.0
978944, 33843.0
979200, 33361.0
979456, 32770.0
979712, 33704.0
979968, 33269.0
980224, 33150.0
980480, 33903.0
980736, 33741.0
980992, 34129.0
981248, 33959.0
981504, 33861.0
981760, 32895.0
982016, 32968.0
982272, 33040.0
982528, 34312.0
982784, 33433.0
983040, 33842.0
983296, 33752.0
983552, 33927.0
983808, 34119.0
984064, 35850.0
984320, 34418.0
984576, 35712.0
984832, 35108.0
985088, 34516.0
985344, 33660.0
985600, 34393.0
985856, 32908.0
986112, 32869.0
986368, 33106.0
986624, 32873.0
986880, 33382.0
987136, 33323.0
987392, 33806.0
987648, 33168.0
987904, 32859.0
988160, 32901.0
988416, 33821.0
988672, 34748.0
988928, 35152.0
989184, 33247.0
989440, 33677.0
989696, 33227.0
989952, 32927.0
990208, 32242.0
990464, 32004.0
990720, 33131.0
990976, 33034.0
991232, 33831.0
991488, 34731.0
991744, 34308.0
992000, 34178.0
992256, 34691.0
992512, 35062.0
992768, 36660.0
993024, 35175.0
993280, 34523.0
993536, 33647.0
993792, 33377.0
994048, 32368.0
994304, 32911.0
994560, 32231.0
994816, 32334.0
995072, 32572.0
995328, 32765.0
995584, 32906.0
995840, 33910.0
996096, 34428.0
996352, 34789.0
996608, 35517.0
996864, 35485.0
997120, 35200.0
997376, 34432.0
997632, 34069.0
997888, 33623.0
998144, 32312.0
998400, 32513.0
998656, 34469.0
998912, 34735.0
999168, 33887.0
999424, 35767.0
999680, 34159.0
999936, 35060.0
1000192, 38916.0
1000448, 39856.0
1000704, 34663.0
1000960, 36718.0
1001216, 35824.0
1001472, 40324.0
1001728, 38342.0
1001984, 38876.0
1002240, 32844.0
1002496, 32546.0
1002752, 35275.0
1003008, 35584.0
1003264, 33333.0
1003520, 34324.0
1003776, 34622.0
1004032, 34766.0
1004288, 34222.0
1004544, 36210.0
1004800, 42627.0
1005056, 39992.0
1005312, 50445.0
1005568, 38753.0
1005824, 36238.0
1006080, 33616.0
1006336, 33127.0
1006592, 34004.0
1006848, 33287.0
1007104, 33823.0
1007360, 33483.0
1007616, 34534.0
1007872, 37067.0
1008128, 36551.0
1008384, 37495.0
1008640, 38899.0
1008896, 36466.0
1009152, 37165.0
1009408, 35266.0
1009664, 40043.0
1009920, 38161.0
1010176, 35125.0
1010432, 36543.0
1010688, 36454.0
1010944, 34947.0
1011200, 34848.0
1011456, 35028.0
1011712, 37275.0
1011968, 36462.0
1012224, 36202.0
1012480, 39450.0
1012736, 36271.0
1012992, 34822.0
1013248, 36041.0
1013504, 34416.0
1013760, 34746.0
1014016, 34018.0
1014272, 34730.0
1014528, 35261.0
1014784, 33645.0
1015040, 33702.0
1015296, 33174.0
1015552, 33686.0
1015808, 33794.0
1016064, 33796.0
1016320, 34043.0
1016576, 33976.0
1016832, 34050.0
1017088, 35046.0
1017344, 36189.0
1017600, 35709.0
1017856, 35516.0
1018112, 34151.0
1018368, 33868.0
1018624, 33371.0
1018880, 33184.0
1019136, 35102.0
1019392, 35790.0
1019648, 37916.0
1019904, 37842.0
1020160, 37345.0
1020416, 36817.0
1020672, 39182.0
1020928, 36221.0
1021184, 35458.0
1021440, 36007.0
1021696, 35268.0
1021952, 34932.0
1022208, 35208.0
1022464, 36986.0
1022720, 35924.0
1022976, 35608.0
1023232, 36670.0
1023488, 35932.0
1023744, 36177.0